Actual,Predicted
9095.06825,8960.346984639074
5272.1758,7059.342505561055
29330.98315,36847.636662924575
9301.89355,9463.705839299475
33750.2918,26980.56380875669
4536.259,10873.260926334662
2117.33885,161.04117721633702
14210.53595,16912.520240933496
3732.6251,1083.6487172891702
10264.4421,11227.285088971605
