Actual,Predicted
9095.06825,8960.1220370392
5272.1758,7058.944589728761
29330.98315,36846.92775431716
9301.89355,9463.695651529853
33750.2918,26984.015794239604
4536.259,10861.872686977948
2117.33885,164.0935404727934
14210.53595,16907.333302944433
3732.6251,1086.4951476464967
10264.4421,11226.34243387305
