Feature,Coefficient
Intercept,-11930.04450713668
age,256.86650593731906
bmi,336.8581543399793
children,425.38487074377053
smoker_yes,23651.7713121993
region_northwest,-370.6869101642242
region_southeast,-656.693264089774
region_southwest,-818.1436996831035
