MSE,RMSE,R2_Score
33602504.508081295,5796.766728796432,0.7835569786290855
