MSE,RMSE,R2_Score
33704231.65131906,5805.534570676421,0.7836617805628749
